legacy_user_id,username,email,first_name,last_name,display_name,registered_at,bio,rank,role,status
u-2001,aline-alvarez,aline-alvarez+recette1@example.test,Aline,Alvarez,Aline Alvarez,2021-01-10T00:00:00+00:00,Contribue aux méthodes de travail et à la transmission des savoirs.,Contributrice,subscriber,active
u-2002,benoit-boucher,benoit-boucher+recette2@example.test,Benoît,Boucher,Benoît Boucher,2021-01-19T00:00:00+00:00,Partage des pratiques de documentation claires et vérifiables.,Cartographe,subscriber,active
u-2003,clara-charpentier,clara-charpentier+recette3@example.test,Clara,Charpentier,Clara Charpentier,2021-01-28T00:00:00+00:00,S’intéresse à la qualité des décisions collectives.,Archiviste,subscriber,active
u-2004,damien-dumont,damien-dumont+recette4@example.test,Damien,Dumont,Damien Dumont,2021-02-06T00:00:00+00:00,Explore des outils légers pour mieux collaborer.,Éclaireur,subscriber,active
u-2005,elodie-evrard,elodie-evrard+recette5@example.test,Élodie,Evrard,Élodie Evrard,2021-02-15T00:00:00+00:00,Contribue aux méthodes de travail et à la transmission des savoirs.,Contributrice,subscriber,active
u-2006,farid-fischer,farid-fischer+recette6@example.test,Farid,Fischer,Farid Fischer,2021-02-24T00:00:00+00:00,Partage des pratiques de documentation claires et vérifiables.,Cartographe,subscriber,active
u-2007,gaelle-garnier,gaelle-garnier+recette7@example.test,Gaëlle,Garnier,Gaëlle Garnier,2021-03-05T00:00:00+00:00,S’intéresse à la qualité des décisions collectives.,Archiviste,subscriber,active
u-2008,hugo-haddad,hugo-haddad+recette8@example.test,Hugo,Haddad,Hugo Haddad,2021-03-14T00:00:00+00:00,Explore des outils légers pour mieux collaborer.,Éclaireur,subscriber,active
u-2009,ines-ibrahim,ines-ibrahim+recette9@example.test,Inès,Ibrahim,Inès Ibrahim,2021-03-23T00:00:00+00:00,Contribue aux méthodes de travail et à la transmission des savoirs.,Contributrice,subscriber,active
u-2010,julien-joubert,julien-joubert+recette10@example.test,Julien,Joubert,Julien Joubert,2021-04-01T00:00:00+00:00,Partage des pratiques de documentation claires et vérifiables.,Cartographe,subscriber,active
u-2011,karim-klein,karim-klein+recette11@example.test,Karim,Klein,Karim Klein,2021-04-10T00:00:00+00:00,S’intéresse à la qualité des décisions collectives.,Archiviste,subscriber,active
u-2012,lina-lefort,lina-lefort+recette12@example.test,Lina,Lefort,Lina Lefort,2021-04-19T00:00:00+00:00,Explore des outils légers pour mieux collaborer.,Éclaireur,subscriber,active
u-2013,mathieu-moreau,mathieu-moreau+recette13@example.test,Mathieu,Moreau,Mathieu Moreau,2021-04-28T00:00:00+00:00,Contribue aux méthodes de travail et à la transmission des savoirs.,Contributrice,subscriber,active
u-2014,nora-nguyen,nora-nguyen+recette14@example.test,Nora,Nguyen,Nora Nguyen,2021-05-07T00:00:00+00:00,Partage des pratiques de documentation claires et vérifiables.,Cartographe,subscriber,active
u-2015,olivier-olivier,olivier-olivier+recette15@example.test,Olivier,Olivier,Olivier Olivier,2021-05-16T00:00:00+00:00,S’intéresse à la qualité des décisions collectives.,Archiviste,subscriber,active
u-2016,priya-perrin,priya-perrin+recette16@example.test,Priya,Perrin,Priya Perrin,2021-05-25T00:00:00+00:00,Explore des outils légers pour mieux collaborer.,Éclaireur,subscriber,active
u-2017,quentin-quessada,quentin-quessada+recette17@example.test,Quentin,Quessada,Quentin Quessada,2021-06-03T00:00:00+00:00,Contribue aux méthodes de travail et à la transmission des savoirs.,Contributrice,subscriber,active
u-2018,rania-roux,rania-roux+recette18@example.test,Rania,Roux,Rania Roux,2021-06-12T00:00:00+00:00,Partage des pratiques de documentation claires et vérifiables.,Cartographe,subscriber,active
u-2019,sebastien-sanchez,sebastien-sanchez+recette19@example.test,Sébastien,Sanchez,Sébastien Sanchez,2021-06-21T00:00:00+00:00,S’intéresse à la qualité des décisions collectives.,Archiviste,subscriber,active
u-2020,tara-thomas,tara-thomas+recette20@example.test,Tara,Thomas,Tara Thomas,2021-06-30T00:00:00+00:00,Explore des outils légers pour mieux collaborer.,Éclaireur,subscriber,active
u-2021,ulysse-ulmann,ulysse-ulmann+recette21@example.test,Ulysse,Ulmann,Ulysse Ulmann,2021-07-09T00:00:00+00:00,Contribue aux méthodes de travail et à la transmission des savoirs.,Contributrice,subscriber,active
u-2022,valerie-vidal,valerie-vidal+recette22@example.test,Valérie,Vidal,Valérie Vidal,2021-07-18T00:00:00+00:00,Partage des pratiques de documentation claires et vérifiables.,Cartographe,subscriber,active
u-2023,wassim-wagner,wassim-wagner+recette23@example.test,Wassim,Wagner,Wassim Wagner,2021-07-27T00:00:00+00:00,S’intéresse à la qualité des décisions collectives.,Archiviste,subscriber,active
u-2024,xavier-xavier,xavier-xavier+recette24@example.test,Xavier,Xavier,Xavier Xavier,2021-08-05T00:00:00+00:00,Explore des outils légers pour mieux collaborer.,Éclaireur,subscriber,active
u-2025,yara-yilmaz,yara-yilmaz+recette25@example.test,Yara,Yilmaz,Yara Yilmaz,2021-08-14T00:00:00+00:00,Contribue aux méthodes de travail et à la transmission des savoirs.,Contributrice,subscriber,active
u-2026,zoe-ziani,zoe-ziani+recette26@example.test,Zoé,Ziani,Zoé Ziani,2021-08-23T00:00:00+00:00,Partage des pratiques de documentation claires et vérifiables.,Cartographe,subscriber,active
u-2027,adrien-arnaud,adrien-arnaud+recette27@example.test,Adrien,Arnaud,Adrien Arnaud,2021-09-01T00:00:00+00:00,S’intéresse à la qualité des décisions collectives.,Archiviste,subscriber,active
u-2028,beatrice-bertin,beatrice-bertin+recette28@example.test,Béatrice,Bertin,Béatrice Bertin,2021-09-10T00:00:00+00:00,Explore des outils légers pour mieux collaborer.,Éclaireur,subscriber,active
u-2029,cedric-carlier,cedric-carlier+recette29@example.test,Cédric,Carlier,Cédric Carlier,2021-09-19T00:00:00+00:00,Contribue aux méthodes de travail et à la transmission des savoirs.,Contributrice,subscriber,active
u-2030,diane-delmas,diane-delmas+recette30@example.test,Diane,Delmas,Diane Delmas,2021-09-28T00:00:00+00:00,Partage des pratiques de documentation claires et vérifiables.,Cartographe,subscriber,active
u-2031,elias-elbaz,elias-elbaz+recette31@example.test,Elias,Elbaz,Elias Elbaz,2021-10-07T00:00:00+00:00,S’intéresse à la qualité des décisions collectives.,Archiviste,subscriber,active
u-2032,fanny-fontaine,fanny-fontaine+recette32@example.test,Fanny,Fontaine,Fanny Fontaine,2021-10-16T00:00:00+00:00,Explore des outils légers pour mieux collaborer.,Éclaireur,subscriber,active
u-2033,gaspard-giraud,gaspard-giraud+recette33@example.test,Gaspard,Giraud,Gaspard Giraud,2021-10-25T00:00:00+00:00,Contribue aux méthodes de travail et à la transmission des savoirs.,Contributrice,subscriber,active
u-2034,hana-hamel,hana-hamel+recette34@example.test,Hana,Hamel,Hana Hamel,2021-11-03T00:00:00+00:00,Partage des pratiques de documentation claires et vérifiables.,Cartographe,subscriber,active
u-2035,ismael-ismail,ismael-ismail+recette35@example.test,Ismaël,Ismail,Ismaël Ismail,2021-11-12T00:00:00+00:00,S’intéresse à la qualité des décisions collectives.,Archiviste,subscriber,active
u-2036,jeanne-jacquet,jeanne-jacquet+recette36@example.test,Jeanne,Jacquet,Jeanne Jacquet,2021-11-21T00:00:00+00:00,Explore des outils légers pour mieux collaborer.,Éclaireur,subscriber,active
u-2037,kamel-khelifi,kamel-khelifi+recette37@example.test,Kamel,Khelifi,Kamel Khelifi,2021-11-30T00:00:00+00:00,Contribue aux méthodes de travail et à la transmission des savoirs.,Contributrice,subscriber,active
u-2038,louise-lemoine,louise-lemoine+recette38@example.test,Louise,Lemoine,Louise Lemoine,2021-12-09T00:00:00+00:00,Partage des pratiques de documentation claires et vérifiables.,Cartographe,subscriber,active
u-2039,mehdi-menard,mehdi-menard+recette39@example.test,Mehdi,Ménard,Mehdi Ménard,2021-12-18T00:00:00+00:00,S’intéresse à la qualité des décisions collectives.,Archiviste,subscriber,active
u-2040,nadine-noel,nadine-noel+recette40@example.test,Nadine,Noël,Nadine Noël,2021-12-27T00:00:00+00:00,Explore des outils légers pour mieux collaborer.,Éclaireur,subscriber,active
u-2041,oscar-ortega,oscar-ortega+recette41@example.test,Oscar,Ortega,Oscar Ortega,2022-01-05T00:00:00+00:00,Contribue aux méthodes de travail et à la transmission des savoirs.,Contributrice,subscriber,active
u-2042,pauline-picard,pauline-picard+recette42@example.test,Pauline,Picard,Pauline Picard,2022-01-14T00:00:00+00:00,Partage des pratiques de documentation claires et vérifiables.,Cartographe,subscriber,active
u-2043,romain-quintin,romain-quintin+recette43@example.test,Romain,Quintin,Romain Quintin,2022-01-23T00:00:00+00:00,S’intéresse à la qualité des décisions collectives.,Archiviste,subscriber,active
u-2044,salma-renard,salma-renard+recette44@example.test,Salma,Renard,Salma Renard,2022-02-01T00:00:00+00:00,Explore des outils légers pour mieux collaborer.,Éclaireur,subscriber,active
u-2045,theo-sabatier,theo-sabatier+recette45@example.test,Théo,Sabatier,Théo Sabatier,2022-02-10T00:00:00+00:00,Contribue aux méthodes de travail et à la transmission des savoirs.,Contributrice,subscriber,active
u-2046,uma-tessier,uma-tessier+recette46@example.test,Uma,Tessier,Uma Tessier,2022-02-19T00:00:00+00:00,Partage des pratiques de documentation claires et vérifiables.,Cartographe,subscriber,active
u-2047,victor-ubertini,victor-ubertini+recette47@example.test,Victor,Ubertini,Victor Ubertini,2022-02-28T00:00:00+00:00,S’intéresse à la qualité des décisions collectives.,Archiviste,subscriber,active
u-2048,widad-vasseur,widad-vasseur+recette48@example.test,Widad,Vasseur,Widad Vasseur,2022-03-09T00:00:00+00:00,Explore des outils légers pour mieux collaborer.,Éclaireur,subscriber,active
u-2049,yanis-weber,yanis-weber+recette49@example.test,Yanis,Weber,Yanis Weber,2022-03-18T00:00:00+00:00,Contribue aux méthodes de travail et à la transmission des savoirs.,Contributrice,subscriber,active
u-2050,aicha-youssef,aicha-youssef+recette50@example.test,Aïcha,Youssef,Aïcha Youssef,2022-03-27T00:00:00+00:00,Partage des pratiques de documentation claires et vérifiables.,Cartographe,subscriber,active
u-2051,baptiste-aubert,baptiste-aubert+recette51@example.test,Baptiste,Aubert,Baptiste Aubert,2022-04-05T00:00:00+00:00,S’intéresse à la qualité des décisions collectives.,Archiviste,subscriber,active
u-2052,chloe-barbier,chloe-barbier+recette52@example.test,Chloé,Barbier,Chloé Barbier,2022-04-14T00:00:00+00:00,Explore des outils légers pour mieux collaborer.,Éclaireur,subscriber,active
u-2053,dario-chauvin,dario-chauvin+recette53@example.test,Dario,Chauvin,Dario Chauvin,2022-04-23T00:00:00+00:00,Contribue aux méthodes de travail et à la transmission des savoirs.,Contributrice,subscriber,active
u-2054,estelle-delaunay,estelle-delaunay+recette54@example.test,Estelle,Delaunay,Estelle Delaunay,2022-05-02T00:00:00+00:00,Partage des pratiques de documentation claires et vérifiables.,Cartographe,subscriber,active
u-2055,fouad-eymard,fouad-eymard+recette55@example.test,Fouad,Eymard,Fouad Eymard,2022-05-11T00:00:00+00:00,S’intéresse à la qualité des décisions collectives.,Archiviste,subscriber,active
u-2056,giulia-ferrand,giulia-ferrand+recette56@example.test,Giulia,Ferrand,Giulia Ferrand,2022-05-20T00:00:00+00:00,Explore des outils légers pour mieux collaborer.,Éclaireur,subscriber,active
u-2057,herve-guillon,herve-guillon+recette57@example.test,Hervé,Guillon,Hervé Guillon,2022-05-29T00:00:00+00:00,Contribue aux méthodes de travail et à la transmission des savoirs.,Contributrice,subscriber,active
u-2058,iris-hervieu,iris-hervieu+recette58@example.test,Iris,Hervieu,Iris Hervieu,2022-06-07T00:00:00+00:00,Partage des pratiques de documentation claires et vérifiables.,Cartographe,subscriber,active
u-2059,jamal-icard,jamal-icard+recette59@example.test,Jamal,Icard,Jamal Icard,2022-06-16T00:00:00+00:00,S’intéresse à la qualité des décisions collectives.,Archiviste,subscriber,active
u-2060,kenza-janvier,kenza-janvier+recette60@example.test,Kenza,Janvier,Kenza Janvier,2022-06-25T00:00:00+00:00,Explore des outils légers pour mieux collaborer.,Éclaireur,subscriber,active
u-2061,leo-kermorvan,leo-kermorvan+recette61@example.test,Léo,Kermorvan,Léo Kermorvan,2022-07-04T00:00:00+00:00,Contribue aux méthodes de travail et à la transmission des savoirs.,Contributrice,subscriber,active
u-2062,maya-lacombe,maya-lacombe+recette62@example.test,Maya,Lacombe,Maya Lacombe,2022-07-13T00:00:00+00:00,Partage des pratiques de documentation claires et vérifiables.,Cartographe,subscriber,active
u-2063,nicolas-marchand,nicolas-marchand+recette63@example.test,Nicolas,Marchand,Nicolas Marchand,2022-07-22T00:00:00+00:00,S’intéresse à la qualité des décisions collectives.,Archiviste,subscriber,active
u-2064,ophelie-nivelle,ophelie-nivelle+recette64@example.test,Ophélie,Nivelle,Ophélie Nivelle,2022-07-31T00:00:00+00:00,Explore des outils légers pour mieux collaborer.,Éclaireur,subscriber,active
u-2065,pascal-ollier,pascal-ollier+recette65@example.test,Pascal,Ollier,Pascal Ollier,2022-08-09T00:00:00+00:00,Contribue aux méthodes de travail et à la transmission des savoirs.,Contributrice,subscriber,active
u-2066,rita-perrot,rita-perrot+recette66@example.test,Rita,Perrot,Rita Perrot,2022-08-18T00:00:00+00:00,Partage des pratiques de documentation claires et vérifiables.,Cartographe,subscriber,active
u-2067,sofiane-quirin,sofiane-quirin+recette67@example.test,Sofiane,Quirin,Sofiane Quirin,2022-08-27T00:00:00+00:00,S’intéresse à la qualité des décisions collectives.,Archiviste,subscriber,active
u-2068,tiphaine-riviere,tiphaine-riviere+recette68@example.test,Tiphaine,Riviere,Tiphaine Riviere,2022-09-05T00:00:00+00:00,Explore des outils légers pour mieux collaborer.,Éclaireur,subscriber,active
u-2069,ulrich-schaeffer,ulrich-schaeffer+recette69@example.test,Ulrich,Schaeffer,Ulrich Schaeffer,2022-09-14T00:00:00+00:00,Contribue aux méthodes de travail et à la transmission des savoirs.,Contributrice,subscriber,active
u-2070,veronique-turpin,veronique-turpin+recette70@example.test,Véronique,Turpin,Véronique Turpin,2022-09-23T00:00:00+00:00,Partage des pratiques de documentation claires et vérifiables.,Cartographe,subscriber,active
u-2071,walid-urbain,walid-urbain+recette71@example.test,Walid,Urbain,Walid Urbain,2022-10-02T00:00:00+00:00,S’intéresse à la qualité des décisions collectives.,Archiviste,subscriber,active
u-2072,ximena-vernier,ximena-vernier+recette72@example.test,Ximena,Vernier,Ximena Vernier,2022-10-11T00:00:00+00:00,Explore des outils légers pour mieux collaborer.,Éclaireur,subscriber,active
u-2073,youssef-willems,youssef-willems+recette73@example.test,Youssef,Willems,Youssef Willems,2022-10-20T00:00:00+00:00,Contribue aux méthodes de travail et à la transmission des savoirs.,Contributrice,subscriber,active
u-2074,zineb-xerri,zineb-xerri+recette74@example.test,Zineb,Xerri,Zineb Xerri,2022-10-29T00:00:00+00:00,Partage des pratiques de documentation claires et vérifiables.,Cartographe,subscriber,active
u-2075,anais-ybert,anais-ybert+recette75@example.test,Anaïs,Ybert,Anaïs Ybert,2022-11-07T00:00:00+00:00,S’intéresse à la qualité des décisions collectives.,Archiviste,subscriber,active
u-2076,bruno-zuccarelli,bruno-zuccarelli+recette76@example.test,Bruno,Zuccarelli,Bruno Zuccarelli,2022-11-16T00:00:00+00:00,Explore des outils légers pour mieux collaborer.,Éclaireur,subscriber,active
u-2077,celia-aubry,celia-aubry+recette77@example.test,Célia,Aubry,Célia Aubry,2022-11-25T00:00:00+00:00,Contribue aux méthodes de travail et à la transmission des savoirs.,Contributrice,subscriber,active
u-2078,dylan-blin,dylan-blin+recette78@example.test,Dylan,Blin,Dylan Blin,2022-12-04T00:00:00+00:00,Partage des pratiques de documentation claires et vérifiables.,Cartographe,subscriber,active
u-2079,eve-couturier,eve-couturier+recette79@example.test,Eve,Couturier,Eve Couturier,2022-12-13T00:00:00+00:00,S’intéresse à la qualité des décisions collectives.,Archiviste,subscriber,active
u-2080,franck-dufour,franck-dufour+recette80@example.test,Franck,Dufour,Franck Dufour,2022-12-22T00:00:00+00:00,Explore des outils légers pour mieux collaborer.,Éclaireur,subscriber,active
u-2081,gina-esteve,gina-esteve+recette81@example.test,Gina,Estève,Gina Estève,2022-12-31T00:00:00+00:00,Contribue aux méthodes de travail et à la transmission des savoirs.,Contributrice,subscriber,active
u-2082,hassan-fabre,hassan-fabre+recette82@example.test,Hassan,Fabre,Hassan Fabre,2023-01-09T00:00:00+00:00,Partage des pratiques de documentation claires et vérifiables.,Cartographe,subscriber,active
u-2083,ilona-gallet,ilona-gallet+recette83@example.test,Ilona,Gallet,Ilona Gallet,2023-01-18T00:00:00+00:00,S’intéresse à la qualité des décisions collectives.,Archiviste,subscriber,active
u-2084,jerome-hamon,jerome-hamon+recette84@example.test,Jérôme,Hamon,Jérôme Hamon,2023-01-27T00:00:00+00:00,Explore des outils légers pour mieux collaborer.,Éclaireur,subscriber,active
u-2085,katia-imbert,katia-imbert+recette85@example.test,Katia,Imbert,Katia Imbert,2023-02-05T00:00:00+00:00,Contribue aux méthodes de travail et à la transmission des savoirs.,Contributrice,subscriber,active
u-2086,loris-jarrige,loris-jarrige+recette86@example.test,Loris,Jarrige,Loris Jarrige,2023-02-14T00:00:00+00:00,Partage des pratiques de documentation claires et vérifiables.,Cartographe,subscriber,active
u-2087,mouna-kouyate,mouna-kouyate+recette87@example.test,Mouna,Kouyaté,Mouna Kouyaté,2023-02-23T00:00:00+00:00,S’intéresse à la qualité des décisions collectives.,Archiviste,subscriber,active
u-2088,noe-lorin,noe-lorin+recette88@example.test,Noé,Lorin,Noé Lorin,2023-03-04T00:00:00+00:00,Explore des outils légers pour mieux collaborer.,Éclaireur,subscriber,active
u-2089,oriana-masson,oriana-masson+recette89@example.test,Oriana,Masson,Oriana Masson,2023-03-13T00:00:00+00:00,Contribue aux méthodes de travail et à la transmission des savoirs.,Contributrice,subscriber,active
u-2090,perrine-nogues,perrine-nogues+recette90@example.test,Perrine,Noguès,Perrine Noguès,2023-03-22T00:00:00+00:00,Partage des pratiques de documentation claires et vérifiables.,Cartographe,subscriber,active
u-2091,rachid-orsini,rachid-orsini+recette91@example.test,Rachid,Orsini,Rachid Orsini,2023-03-31T00:00:00+00:00,S’intéresse à la qualité des décisions collectives.,Archiviste,subscriber,active
u-2092,sonia-poulain,sonia-poulain+recette92@example.test,Sonia,Poulain,Sonia Poulain,2023-04-09T00:00:00+00:00,Explore des outils légers pour mieux collaborer.,Éclaireur,subscriber,active
u-2093,tanguy-quemener,tanguy-quemener+recette93@example.test,Tanguy,Quéméner,Tanguy Quéméner,2023-04-18T00:00:00+00:00,Contribue aux méthodes de travail et à la transmission des savoirs.,Contributrice,subscriber,active
u-2094,ugo-rousseau,ugo-rousseau+recette94@example.test,Ugo,Rousseau,Ugo Rousseau,2023-04-27T00:00:00+00:00,Partage des pratiques de documentation claires et vérifiables.,Cartographe,subscriber,active
u-2095,violaine-senechal,violaine-senechal+recette95@example.test,Violaine,Sénéchal,Violaine Sénéchal,2023-05-06T00:00:00+00:00,S’intéresse à la qualité des décisions collectives.,Archiviste,subscriber,active
u-2096,wafa-tournier,wafa-tournier+recette96@example.test,Wafa,Tournier,Wafa Tournier,2023-05-15T00:00:00+00:00,Explore des outils légers pour mieux collaborer.,Éclaireur,subscriber,active
u-2097,xena-urbano,xena-urbano+recette97@example.test,Xéna,Urbano,Xéna Urbano,2023-05-24T00:00:00+00:00,Contribue aux méthodes de travail et à la transmission des savoirs.,Contributrice,subscriber,active
u-2098,yves-veyrier,yves-veyrier+recette98@example.test,Yves,Veyrier,Yves Veyrier,2023-06-02T00:00:00+00:00,Partage des pratiques de documentation claires et vérifiables.,Cartographe,subscriber,active
u-2099,zara-walter,zara-walter+recette99@example.test,Zara,Walter,Zara Walter,2023-06-11T00:00:00+00:00,S’intéresse à la qualité des décisions collectives.,Archiviste,subscriber,active
u-2100,emile-yvon,emile-yvon+recette100@example.test,Émile,Yvon,Émile Yvon,2023-06-20T00:00:00+00:00,Explore des outils légers pour mieux collaborer.,Éclaireur,subscriber,active
